{
    "image": "assets/New_Letters\\t\\Screenshot 2026-05-24 123223.png",
    "letter": "t",
    "entry_point": [
        7,
        315
    ],
    "exit_point": [
        507,
        170
    ],
    "entry_angle": 18.43494882292201,
    "exit_angle": -63.43494882292201,
    "average_width": 41.90903091430664,
    "letter_width": 28.348464965820312,
    "brush_size": 41,
    "letter_points": [
        [
            146,
            290
        ],
        [
            146,
            290
        ],
        [
            146,
            289
        ],
        [
            146,
            289
        ],
        [
            361,
            321
        ],
        [
            361,
            321
        ],
        [
            265,
            307
        ],
        [
            265,
            307
        ],
        [
            253,
            310
        ],
        [
            253,
            310
        ],
        [
            233,
            501
        ],
        [
            233,
            501
        ]
    ],
    "river_points": [
        [
            7,
            315
        ],
        [
            6,
            316
        ],
        [
            7,
            316
        ],
        [
            8,
            316
        ],
        [
            9,
            316
        ],
        [
            10,
            316
        ],
        [
            12,
            317
        ],
        [
            12,
            317
        ],
        [
            13,
            318
        ],
        [
            13,
            318
        ],
        [
            15,
            319
        ],
        [
            16,
            319
        ],
        [
            17,
            320
        ],
        [
            19,
            321
        ],
        [
            19,
            321
        ],
        [
            23,
            321
        ],
        [
            29,
            322
        ],
        [
            31,
            322
        ],
        [
            33,
            323
        ],
        [
            34,
            324
        ],
        [
            35,
            324
        ],
        [
            37,
            324
        ],
        [
            39,
            324
        ],
        [
            44,
            323
        ],
        [
            47,
            322
        ],
        [
            50,
            322
        ],
        [
            51,
            321
        ],
        [
            53,
            321
        ],
        [
            55,
            320
        ],
        [
            57,
            320
        ],
        [
            57,
            320
        ],
        [
            58,
            319
        ],
        [
            59,
            317
        ],
        [
            65,
            315
        ],
        [
            67,
            312
        ],
        [
            69,
            312
        ],
        [
            69,
            312
        ],
        [
            71,
            311
        ],
        [
            72,
            311
        ],
        [
            75,
            310
        ],
        [
            76,
            310
        ],
        [
            78,
            310
        ],
        [
            79,
            310
        ],
        [
            81,
            309
        ],
        [
            82,
            308
        ],
        [
            83,
            308
        ],
        [
            83,
            308
        ],
        [
            85,
            308
        ],
        [
            87,
            308
        ],
        [
            93,
            308
        ],
        [
            97,
            306
        ],
        [
            100,
            306
        ],
        [
            103,
            306
        ],
        [
            104,
            306
        ],
        [
            107,
            305
        ],
        [
            107,
            304
        ],
        [
            112,
            302
        ],
        [
            114,
            300
        ],
        [
            118,
            300
        ],
        [
            119,
            300
        ],
        [
            120,
            300
        ],
        [
            123,
            299
        ],
        [
            125,
            298
        ],
        [
            126,
            298
        ],
        [
            126,
            298
        ],
        [
            128,
            298
        ],
        [
            130,
            297
        ],
        [
            134,
            296
        ],
        [
            137,
            295
        ],
        [
            141,
            294
        ],
        [
            143,
            294
        ],
        [
            144,
            294
        ],
        [
            145,
            294
        ],
        [
            146,
            294
        ],
        [
            147,
            294
        ],
        [
            147,
            294
        ],
        [
            151,
            293
        ],
        [
            152,
            293
        ],
        [
            154,
            293
        ],
        [
            157,
            293
        ],
        [
            159,
            293
        ],
        [
            161,
            293
        ],
        [
            162,
            293
        ],
        [
            163,
            293
        ],
        [
            164,
            292
        ],
        [
            167,
            292
        ],
        [
            170,
            292
        ],
        [
            174,
            292
        ],
        [
            177,
            292
        ],
        [
            185,
            292
        ],
        [
            189,
            292
        ],
        [
            192,
            292
        ],
        [
            193,
            292
        ],
        [
            195,
            292
        ],
        [
            197,
            292
        ],
        [
            199,
            292
        ],
        [
            202,
            292
        ],
        [
            203,
            292
        ],
        [
            204,
            292
        ],
        [
            205,
            292
        ],
        [
            206,
            292
        ],
        [
            208,
            292
        ],
        [
            210,
            292
        ],
        [
            210,
            292
        ],
        [
            212,
            292
        ],
        [
            213,
            292
        ],
        [
            214,
            292
        ],
        [
            215,
            292
        ],
        [
            218,
            294
        ],
        [
            220,
            294
        ],
        [
            221,
            294
        ],
        [
            222,
            294
        ],
        [
            224,
            294
        ],
        [
            226,
            297
        ],
        [
            227,
            297
        ],
        [
            231,
            297
        ],
        [
            233,
            298
        ],
        [
            235,
            299
        ],
        [
            236,
            299
        ],
        [
            237,
            299
        ],
        [
            241,
            300
        ],
        [
            245,
            301
        ],
        [
            249,
            303
        ],
        [
            252,
            304
        ],
        [
            255,
            304
        ],
        [
            258,
            305
        ],
        [
            258,
            305
        ],
        [
            259,
            305
        ],
        [
            260,
            306
        ],
        [
