{
    "image": "assets/New_Letters\\t\\Screenshot 2026-05-16 224304.png",
    "letter": "t",
    "entry_point": [
        8,
        116
    ],
    "exit_point": [
        280,
        36
    ],
    "entry_angle": -54.46232220802562,
    "exit_angle": -71.56505117707799,
    "average_width": 26.126087188720703,
    "letter_width": 17.19443702697754,
    "brush_size": 25,
    "letter_points": [
        [
            61,
            93
        ],
        [
            61,
            93
        ],
        [
            229,
            106
        ],
        [
            229,
            106
        ],
        [
            155,
            99
        ],
        [
            155,
            100
        ],
        [
            154,
            100
        ],
        [
            154,
            100
        ],
        [
            139,
            247
        ],
        [
            139,
            247
        ]
    ],
    "river_points": [
        [
            8,
            116
        ],
        [
            8,
            115
        ],
        [
            9,
            112
        ],
        [
            10,
            112
        ],
        [
            11,
            110
        ],
        [
            13,
            109
        ],
        [
            14,
            107
        ],
        [
            16,
            107
        ],
        [
            17,
            106
        ],
        [
            19,
            105
        ],
        [
            21,
            103
        ],
        [
            22,
            103
        ],
        [
            24,
            103
        ],
        [
            25,
            102
        ],
        [
            26,
            101
        ],
        [
            27,
            100
        ],
        [
            29,
            99
        ],
        [
            31,
            98
        ],
        [
            34,
            97
        ],
        [
            35,
            97
        ],
        [
            36,
            96
        ],
        [
            37,
            96
        ],
        [
            38,
            95
        ],
        [
            39,
            95
        ],
        [
            39,
            95
        ],
        [
            41,
            95
        ],
        [
            43,
            95
        ],
        [
            46,
            95
        ],
        [
            49,
            95
        ],
        [
            53,
            95
        ],
        [
            57,
            95
        ],
        [
            64,
            95
        ],
        [
            68,
            95
        ],
        [
            73,
            95
        ],
        [
            78,
            95
        ],
        [
            81,
            96
        ],
        [
            83,
            96
        ],
        [
            87,
            96
        ],
        [
            90,
            96
        ],
        [
            92,
            96
        ],
        [
            96,
            96
        ],
        [
            98,
            96
        ],
        [
            100,
            96
        ],
        [
            102,
            96
        ],
        [
            104,
            97
        ],
        [
            105,
            98
        ],
        [
            106,
            98
        ],
        [
            108,
            98
        ],
        [
            109,
            98
        ],
        [
            110,
            98
        ],
        [
            111,
            98
        ],
        [
            112,
            98
        ],
        [
            112,
            98
        ],
        [
            114,
            98
        ],
        [
            114,
            98
        ],
        [
            116,
            98
        ],
        [
            120,
            98
        ],
        [
            125,
            99
        ],
        [
            131,
            99
        ],
        [
            133,
            99
        ],
        [
            135,
            99
        ],
        [
            136,
            99
        ],
        [
            141,
            99
        ],
        [
            143,
            99
        ],
        [
            146,
            99
        ],
        [
            148,
            99
        ],
        [
            150,
            99
        ],
        [
            153,
            99
        ],
        [
            154,
            99
        ],
        [
            155,
            99
        ],
        [
            157,
            99
        ],
        [
            158,
            99
        ],
        [
            160,
            99
        ],
        [
            163,
            99
        ],
        [
            166,
            99
        ],
        [
            169,
            99
        ],
        [
            171,
            99
        ],
        [
            173,
            99
        ],
        [
            175,
            99
        ],
        [
            177,
            97
        ],
        [
            181,
            97
        ],
        [
            185,
            95
        ],
        [
            189,
            94
        ],
        [
            190,
            94
        ],
        [
            191,
            94
        ],
        [
            193,
            93
        ],
        [
            195,
            93
        ],
        [
            198,
            92
        ],
        [
            201,
            92
        ],
        [
            204,
            92
        ],
        [
            206,
            92
        ],
        [
            208,
            92
        ],
        [
            210,
            92
        ],
        [
            210,
            92
        ],
        [
            211,
            91
        ],
        [
            215,
            90
        ],
        [
            220,
            89
        ],
        [
            228,
            86
        ],
        [
            231,
            85
        ],
        [
            234,
            84
        ],
        [
            235,
            84
        ],
        [
            237,
            83
        ],
        [
            238,
            83
        ],
        [
            239,
            83
        ],
        [
            240,
            82
        ],
        [
            241,
            82
        ],
        [
            242,
            81
        ],
        [
            243,
            81
        ],
        [
            244,
            80
        ],
        [
            245,
            80
        ],
        [
            247,
            79
        ],
        [
            250,
            77
        ],
        [
            254,
            74
        ],
        [
            254,
            74
        ],
        [
            255,
            73
        ],
        [
            258,
            71
        ],
        [
            259,
            71
        ],
        [
            260,
            71
        ],
        [
            262,
            69
        ],
        [
            264,
            67
        ],
        [
            266,
            66
        ],
        [
            267,
            64
        ],
        [
            269,
            63
        ],
        [
            269,
            62
        ],
        [
            271,
            60
        ],
        [
            271,
            60
        ],
        [
            271,
            58
        ],
        [
            273,
            57
        ],
        [
            273,
            56
        ],
        [
            273,
            55
        ],
        [
            273,
            55
        ],
        [
            273,
            54
        ],
        [
            274,
            54
        ],
        [
