{
    "image": "assets/letters\\z\\Screenshot 2026-05-20 154335.png",
    "letter": "z",
    "entry_point": [
        92,
        3
    ],
    "exit_point": [
        113,
        98
    ],
    "entry_angle": 78.69006752597979,
    "exit_angle": 111.80140948635182,
    "average_width": 5.939018726348877,
    "brush_size": 5,
    "flow_points": [
        [
            92,
            3
        ],
        [
            93,
            4
        ],
        [
            93,
            5
        ],
        [
            93,
            6
        ],
        [
            93,
            7
        ],
        [
            93,
            8
        ],
        [
            94,
            9
        ],
        [
            95,
            10
        ],
        [
            95,
            11
        ],
        [
            96,
            12
        ],
        [
            98,
            14
        ],
        [
            99,
            14
        ],
        [
            99,
            15
        ],
        [
            100,
            15
        ],
        [
            101,
            16
        ],
        [
            101,
            17
        ],
        [
            102,
            17
        ],
        [
            102,
            18
        ],
        [
            103,
            18
        ],
        [
            104,
            18
        ],
        [
            104,
            19
        ],
        [
            105,
            19
        ],
        [
            106,
            20
        ],
        [
            106,
            20
        ],
        [
            107,
            21
        ],
        [
            108,
            22
        ],
        [
            111,
            22
        ],
        [
            116,
            24
        ],
        [
            118,
            25
        ],
        [
            120,
            25
        ],
        [
            121,
            26
        ],
        [
            127,
            27
        ],
        [
            133,
            29
        ],
        [
            135,
            30
        ],
        [
            136,
            31
        ],
        [
            137,
            32
        ],
        [
            138,
            32
        ],
        [
            138,
            32
        ],
        [
            139,
            32
        ],
        [
            140,
            33
        ],
        [
            140,
            33
        ],
        [
            142,
            35
        ],
        [
            142,
            36
        ],
        [
            143,
            36
        ],
        [
            144,
            38
        ],
        [
            144,
            39
        ],
        [
            144,
            40
        ],
        [
            143,
            39
        ],
        [
            143,
            41
        ],
        [
            144,
            42
        ],
        [
            144,
            43
        ],
        [
            144,
            44
        ],
        [
            145,
            45
        ],
        [
            146,
            45
        ],
        [
            147,
            45
        ],
        [
            147,
            45
        ],
        [
            147,
            46
        ],
        [
            148,
            46
        ],
        [
            148,
            48
        ],
        [
            149,
            50
        ],
        [
            150,
            52
        ],
        [
            151,
            53
        ],
        [
            151,
            54
        ],
        [
            151,
            55
        ],
        [
            151,
            56
        ],
        [
            151,
            58
        ],
        [
            151,
            59
        ],
        [
            151,
            60
        ],
        [
            151,
            61
        ],
        [
            151,
            62
        ],
        [
            151,
            63
        ],
        [
            152,
            64
        ],
        [
            153,
            65
        ],
        [
            153,
            65
        ],
        [
            153,
            67
        ],
        [
            153,
            68
        ],
        [
            153,
            69
        ],
        [
            153,
            70
        ],
        [
            153,
            71
        ],
        [
            152,
            71
        ],
        [
            150,
            72
        ],
        [
            150,
            72
        ],
        [
            149,
            72
        ],
        [
            148,
            72
        ],
        [
            148,
            72
        ],
        [
            146,
            72
        ],
        [
            146,
            72
        ],
        [
            145,
            72
        ],
        [
            144,
            72
        ],
        [
            142,
            72
        ],
        [
            140,
            72
        ],
        [
            139,
            72
        ],
        [
            137,
            72
        ],
        [
            137,
            72
        ],
        [
            135,
            72
        ],
        [
            134,
            72
        ],
        [
            133,
            72
        ],
        [
            132,
            72
        ],
        [
            131,
            72
        ],
        [
            131,
            72
        ],
        [
            130,
            72
        ],
        [
            129,
            71
        ],
        [
            128,
            70
        ],
        [
            126,
            69
        ],
        [
            123,
            67
        ],
        [
            122,
            66
        ],
        [
            121,
            66
        ],
        [
            120,
            65
        ],
        [
            119,
            64
        ],
        [
            118,
            64
        ],
        [
            117,
            62
        ],
        [
            116,
            62
        ],
        [
            115,
            60
        ],
        [
            114,
            60
        ],
        [
            113,
            59
        ],
        [
            111,
            57
        ],
        [
            109,
            57
        ],
        [
            107,
            57
        ],
        [
            105,
            55
        ],
        [
            104,
            55
        ],
        [
            104,
            55
        ],
        [
            103,
            53
        ],
        [
            103,
            52
        ],
        [
            102,
            52
        ],
        [
            102,
            52
        ],
        [
            98,
            51
        ],
        [
            95,
            49
        ],
        [
            92,
            49
        ],
        [
            90,
            49
        ],
        [
            89,
            49
        ],
        [
            87,
            49
        ],
        [
            83,
            49
        ],
        [
            82,
            49
        ],
        [
            82,
            49
        ],
        [
            81,
            49
        ],
        [
            80,
            48
        ],
        [
            77,
            48
        ],
        [
            74,
            52
        ],
        [
            72,
            54
        ],
        [
            70,
            55
        ],
        [
            70,
            56
        ],
        [
            70,
            57
        ],
        [
            69,
            59
        ],
        [
            69,
            60
        ],
        [
            69,
            61
        ],
