{
    "image": "assets/New_Letters\\l\\Screenshot 2026-05-02 104548.png",
    "letter": "l",
    "entry_point": [
        3,
        337
    ],
    "exit_point": [
        333,
        293
    ],
    "entry_angle": -6.34019174590991,
    "exit_angle": -21.80140948635181,
    "average_width": 59.97800064086914,
    "letter_width": 61.4238395690918,
    "brush_size": 59,
    "letter_points": [
        [
            330,
            63
        ],
        [
            328,
            64
        ],
        [
            327,
            64
        ],
        [
            326,
            64
        ],
        [
            322,
            65
        ],
        [
            321,
            66
        ],
        [
            320,
            66
        ],
        [
            319,
            66
        ],
        [
            318,
            66
        ],
        [
            318,
            67
        ],
        [
            317,
            67
        ],
        [
            317,
            68
        ],
        [
            316,
            68
        ],
        [
            314,
            68
        ],
        [
            313,
            69
        ],
        [
            311,
            70
        ],
        [
            305,
            70
        ],
        [
            301,
            70
        ],
        [
            299,
            70
        ],
        [
            298,
            71
        ],
        [
            296,
            71
        ],
        [
            294,
            72
        ],
        [
            293,
            72
        ],
        [
            291,
            72
        ],
        [
            286,
            72
        ],
        [
            265,
            72
        ],
        [
            256,
            74
        ],
        [
            248,
            74
        ],
        [
            241,
            74
        ],
        [
            236,
            74
        ],
        [
            234,
            75
        ],
        [
            231,
            75
        ],
        [
            230,
            75
        ],
        [
            229,
            75
        ],
        [
            227,
            75
        ],
        [
            225,
            75
        ],
        [
            222,
            75
        ],
        [
            216,
            77
        ],
        [
            213,
            79
        ],
        [
            209,
            82
        ],
        [
            207,
            82
        ],
        [
            205,
            82
        ],
        [
            203,
            84
        ],
        [
            201,
            85
        ],
        [
            200,
            86
        ],
        [
            199,
            86
        ],
        [
            198,
            88
        ],
        [
            196,
            89
        ],
        [
            194,
            91
        ],
        [
            193,
            91
        ],
        [
            192,
            92
        ],
        [
            190,
            93
        ],
        [
            189,
            94
        ],
        [
            187,
            95
        ],
        [
            186,
            97
        ],
        [
            184,
            98
        ],
        [
            181,
            101
        ],
        [
            176,
            105
        ],
        [
            173,
            108
        ],
        [
            170,
            110
        ],
        [
            169,
            112
        ],
        [
            168,
            113
        ],
        [
            166,
            115
        ],
        [
            165,
            116
        ],
        [
            163,
            118
        ],
        [
            163,
            118
        ],
        [
            162,
            119
        ],
        [
            161,
            122
        ],
        [
            160,
            124
        ],
        [
            155,
            127
        ],
        [
            154,
            132
        ],
        [
            152,
            135
        ],
        [
            150,
            138
        ],
        [
            149,
            140
        ],
        [
            146,
            146
        ],
        [
            144,
            146
        ],
        [
            143,
            150
        ],
        [
            141,
            154
        ],
        [
            138,
            159
        ],
        [
            136,
            163
        ],
        [
            133,
            168
        ],
        [
            132,
            171
        ],
        [
            130,
            173
        ],
        [
            129,
            175
        ],
        [
            128,
            177
        ],
        [
            127,
            179
        ],
        [
            126,
            181
        ],
        [
            125,
            182
        ],
        [
            125,
            183
        ],
        [
            124,
            185
        ],
        [
            122,
            186
        ],
        [
            122,
            187
        ],
        [
            121,
            190
        ],
        [
            119,
            192
        ],
        [
            117,
            195
        ],
        [
            114,
            200
        ],
        [
            107,
            209
        ],
        [
            103,
            214
        ],
        [
            100,
            219
        ],
        [
            97,
            226
        ],
        [
            94,
            239
        ],
        [
            92,
            243
        ],
        [
            92,
            247
        ],
        [
            89,
            252
        ],
        [
            88,
            256
        ],
        [
            87,
            264
        ],
        [
            85,
            264
        ],
        [
            84,
            267
        ],
        [
            83,
            270
        ],
        [
            83,
            270
        ],
        [
            80,
            275
        ],
        [
            79,
            278
        ],
        [
            79,
            278
        ],
        [
            76,
            282
        ],
        [
            76,
            285
        ],
        [
            74,
            287
        ],
        [
            73,
            292
        ],
        [
            72,
            294
        ],
        [
            71,
            297
        ],
        [
            70,
            298
        ],
        [
            69,
            300
        ],
        [
            67,
            302
        ],
        [
            66,
            305
        ],
        [
            65,
            307
        ],
        [
            63,
            309
        ],
        [
            60,
            314
        ],
        [
            60,
            314
        ],
        [
            58,
            316
        ],
        [
            56,
            319
        ],
        [
            55,
            319
        ],
        [
            54,
            319
        ],
        [
            54,
            320
        ],
        [
            59,
            321
        ],
        [
            74,
            324
        ],
        [
            80,
            324
        ],
        [
            87,
            324
        ],
        [
            89,
            326
        ],
        [
            90,
            326
        ],
        [
            98,
            326
        ],
        [
            105,
            326
        ],
        [
            114,
            326
        ],
        [
            133,
            326
        ],
        [
            139,
