{
    "image": "assets/letters\\A\\Screenshot 2026-05-02 134844.png",
    "letter": "A",
    "entry_point": [
        4,
        218
    ],
    "exit_point": [
        155,
        126
    ],
    "entry_angle": -35.53767779197438,
    "exit_angle": 0.0,
    "average_width": 18.684951782226562,
    "brush_size": 18,
    "flow_points": [
        [
            4,
            218
        ],
        [
            5,
            216
        ],
        [
            6,
            214
        ],
        [
            8,
            214
        ],
        [
            9,
            214
        ],
        [
            11,
            213
        ],
        [
            13,
            209
        ],
        [
            15,
            207
        ],
        [
            16,
            204
        ],
        [
            17,
            202
        ],
        [
            19,
            199
        ],
        [
            20,
            198
        ],
        [
            20,
            197
        ],
        [
            21,
            195
        ],
        [
            21,
            194
        ],
        [
            22,
            192
        ],
        [
            23,
            192
        ],
        [
            23,
            191
        ],
        [
            23,
            189
        ],
        [
            24,
            187
        ],
        [
            24,
            185
        ],
        [
            24,
            183
        ],
        [
            25,
            182
        ],
        [
            25,
            180
        ],
        [
            25,
            178
        ],
        [
            25,
            177
        ],
        [
            25,
            176
        ],
        [
            25,
            174
        ],
        [
            25,
            172
        ],
        [
            25,
            171
        ],
        [
            24,
            169
        ],
        [
            24,
            168
        ],
        [
            24,
            166
        ],
        [
            24,
            163
        ],
        [
            24,
            161
        ],
        [
            24,
            158
        ],
        [
            24,
            155
        ],
        [
            24,
            153
        ],
        [
            24,
            150
        ],
        [
            24,
            146
        ],
        [
            25,
            142
        ],
        [
            27,
            139
        ],
        [
            27,
            137
        ],
        [
            27,
            134
        ],
        [
            27,
            134
        ],
        [
            27,
            132
        ],
        [
            27,
            132
        ],
        [
            27,
            131
        ],
        [
            27,
            128
        ],
        [
            27,
            128
        ],
        [
            28,
            127
        ],
        [
            29,
            125
        ],
        [
            30,
            122
        ],
        [
            31,
            120
        ],
        [
            33,
            118
        ],
        [
            34,
            116
        ],
        [
            36,
            113
        ],
        [
            39,
            111
        ],
        [
            40,
            108
        ],
        [
            41,
            108
        ],
        [
            41,
            107
        ],
        [
            44,
            104
        ],
        [
            48,
            104
        ],
        [
            53,
            101
        ],
        [
            57,
            99
        ],
        [
            62,
            98
        ],
        [
            63,
            97
        ],
        [
            66,
            96
        ],
        [
            66,
            96
        ],
        [
            68,
            95
        ],
        [
            68,
            95
        ],
        [
            70,
            94
        ],
        [
            71,
            94
        ],
        [
            72,
            94
        ],
        [
            73,
            93
        ],
        [
            75,
            92
        ],
        [
            76,
            92
        ],
        [
            77,
            92
        ],
        [
            80,
            92
        ],
        [
            87,
            93
        ],
        [
            94,
            93
        ],
        [
            98,
            94
        ],
        [
            99,
            94
        ],
        [
            100,
            94
        ],
        [
            102,
            94
        ],
        [
            105,
            97
        ],
        [
            107,
            97
        ],
        [
            108,
            99
        ],
        [
            110,
            99
        ],
        [
            113,
            101
        ],
        [
            115,
            102
        ],
        [
            116,
            103
        ],
        [
            117,
            105
        ],
        [
            119,
            107
        ],
        [
            120,
            109
        ],
        [
            123,
            111
        ],
        [
            124,
            112
        ],
        [
            125,
            113
        ],
        [
            126,
            114
        ],
        [
            127,
            116
        ],
        [
            129,
            119
        ],
        [
            130,
            119
        ],
        [
            132,
            120
        ],
        [
            132,
            121
        ],
        [
            133,
            122
        ],
        [
            135,
            122
        ],
        [
            141,
            124
        ],
        [
            146,
            126
        ],
        [
            149,
            126
        ],
        [
            153,
            126
        ],
        [
            154,
            126
        ],
        [
            155,
            126
        ],
        [
            156,
            126
        ],
        [
            155,
            126
        ]
    ],