{
    "image": "assets/letters\\A\\Screenshot 2026-05-02 104040_meander_007.jpg",
    "letter": "A",
    "entry_point": [
        4,
        79
    ],
    "exit_point": [
        128,
        67
    ],
    "entry_angle": -50.19442890773481,
    "exit_angle": 33.690067525979785,
    "average_width": 23.707378387451172,
    "brush_size": 22,
    "flow_points": [
        [
            4,
            79
        ],
        [
            4,
            79
        ],
        [
            5,
            77
        ],
        [
            6,
            75
        ],
        [
            8,
            74
        ],
        [
            9,
            73
        ],
        [
            10,
            71
        ],
        [
            11,
            71
        ],
        [
            11,
            70
        ],
        [
            13,
            69
        ],
        [
            14,
            68
        ],
        [
            14,
            67
        ],
        [
            15,
            65
        ],
        [
            16,
            65
        ],
        [
            18,
            63
        ],
        [
            18,
            61
        ],
        [
            19,
            60
        ],
        [
            20,
            59
        ],
        [
            21,
            58
        ],
        [
            22,
            58
        ],
        [
            22,
            57
        ],
        [
            22,
            56
        ],
        [
            22,
            56
        ],
        [
            23,
            55
        ],
        [
            24,
            54
        ],
        [
            25,
            53
        ],
        [
            27,
            50
        ],
        [
            30,
            47
        ],
        [
            30,
            47
        ],
        [
            31,
            46
        ],
        [
            33,
            45
        ],
        [
            33,
            44
        ],
        [
            34,
            44
        ],
        [
            34,
            43
        ],
        [
            34,
            43
        ],
        [
            35,
            43
        ],
        [
            36,
            41
        ],
        [
            38,
            40
        ],
        [
            39,
            39
        ],
        [
            39,
            38
        ],
        [
            40,
            37
        ],
        [
            41,
            36
        ],
        [
            42,
            35
        ],
        [
            42,
            35
        ],
        [
            44,
            33
        ],
        [
            44,
            32
        ],
        [
            45,
            31
        ],
        [
            46,
            30
        ],
        [
            47,
            29
        ],
        [
            49,
            27
        ],
        [
            51,
            26
        ],
        [
            52,
            25
        ],
        [
            53,
            24
        ],
        [
            54,
            23
        ],
        [
            54,
            23
        ],
        [
            55,
            23
        ],
        [
            56,
            23
        ],
        [
            58,
            22
        ],
        [
            58,
            22
        ],
        [
            60,
            21
        ],
        [
            61,
            21
        ],
        [
            62,
            21
        ],
        [
            63,
            21
        ],
        [
            64,
            21
        ],
        [
            65,
            22
        ],
        [
            66,
            23
        ],
        [
            66,
            23
        ],
        [
            67,
            24
        ],
        [
            68,
            25
        ],
        [
            69,
            27
        ],
        [
            70,
            27
        ],
        [
            70,
            29
        ],
        [
            70,
            30
        ],
        [
            72,
            31
        ],
        [
            74,
            32
        ],
        [
            74,
            34
        ],
        [
            75,
            35
        ],
        [
            76,
            36
        ],
        [
            77,
            37
        ],
        [
            78,
            39
        ],
        [
            79,
            39
        ],
        [
            80,
            40
        ],
        [
            81,
            41
        ],
        [
            82,
            42
        ],
        [
            82,
            43
        ],
        [
            83,
            43
        ],
        [
            84,
            44
        ],
        [
            85,
            44
        ],
        [
            85,
            45
        ],
        [
            86,
            46
        ],
        [
            87,
            46
        ],
        [
            88,
            47
        ],
        [
            89,
            47
        ],
        [
            90,
            47
        ],
        [
            90,
            47
        ],
        [
            91,
            47
        ],
        [
            91,
            48
        ],
        [
            92,
            48
        ],
        [
            93,
            48
        ],
        [
            94,
            49
        ],
        [
            94,
            49
        ],
        [
            96,
            50
        ],
        [
            97,
            50
        ],
        [
            98,
            50
        ],
        [
            99,
            51
        ],
        [
            101,
            51
        ],
        [
            102,
            52
        ],
        [
            104,
            53
        ],
        [
            105,
            54
        ],
        [
            106,
            55
        ],
        [
            108,
            55
        ],
        [
            109,
            55
        ],
        [
            110,
            55
        ],
        [
            110,
            56
        ],
        [
            111,
            57
        ],
        [
            112,
            58
        ],
        [
            113,
            59
        ],
        [
            114,
            59
        ],
        [
            115,
            60
        ],
        [
            116,
            60
        ],
        [
            116,
            61
        ],
        [
            118,
            62
        ],
        [
            118,
            62
        ],
        [
            119,
            63
        ],
        [
            120,
            63
        ],
        [
            121,
            63
        ],
        [
            122,
            64
        ],
        [
            123,
            64
        ],
        [
            125,
            65
        ],
        [
            126,
            65
        ],
        [
            127,
            66
        ],
        [
            127,
            67
        ],
        [
            128,
            67
        ],
        [
            128,
            67
        ]
    ],