{
    "image": "assets/letters\\A\\Screenshot 2026-04-30 193138_meander_014.jpg",
    "letter": "A",
    "entry_point": [
        27,
        123
    ],
    "exit_point": [
        126,
        11
    ],
    "entry_angle": -63.43494882292201,
    "exit_angle": 18.43494882292201,
    "average_width": 16.549606323242188,
    "brush_size": 14,
    "flow_points": [
        [
            27,
            123
        ],
        [
            27,
            123
        ],
        [
            27,
            122
        ],
        [
            29,
            121
        ],
        [
            30,
            119
        ],
        [
            30,
            117
        ],
        [
            32,
            115
        ],
        [
            34,
            115
        ],
        [
            35,
            112
        ],
        [
            36,
            110
        ],
        [
            37,
            109
        ],
        [
            38,
            108
        ],
        [
            38,
            107
        ],
        [
            38,
            107
        ],
        [
            39,
            106
        ],
        [
            40,
            104
        ],
        [
            42,
            102
        ],
        [
            43,
            100
        ],
        [
            44,
            99
        ],
        [
            45,
            98
        ],
        [
            45,
            97
        ],
        [
            46,
            96
        ],
        [
            46,
            95
        ],
        [
            46,
            95
        ],
        [
            47,
            93
        ],
        [
            48,
            91
        ],
        [
            50,
            88
        ],
        [
            51,
            85
        ],
        [
            52,
            84
        ],
        [
            52,
            82
        ],
        [
            53,
            81
        ],
        [
            53,
            80
        ],
        [
            54,
            80
        ],
        [
            54,
            79
        ],
        [
            54,
            79
        ],
        [
            54,
            78
        ],
        [
            54,
            77
        ],
        [
            55,
            75
        ],
        [
            56,
            74
        ],
        [
            57,
            73
        ],
        [
            57,
            72
        ],
        [
            57,
            71
        ],
        [
            57,
            71
        ],
        [
            57,
            70
        ],
        [
            58,
            69
        ],
        [
            58,
            67
        ],
        [
            58,
            66
        ],
        [
            58,
            64
        ],
        [
            58,
            63
        ],
        [
            58,
            63
        ],
        [
            58,
            62
        ],
        [
            58,
            61
        ],
        [
            58,
            60
        ],
        [
            58,
            59
        ],
        [
            58,
            58
        ],
        [
            59,
            56
        ],
        [
            59,
            52
        ],
        [
            61,
            48
        ],
        [
            62,
            46
        ],
        [
            62,
            43
        ],
        [
            62,
            43
        ],
        [
            62,
            42
        ],
        [
            62,
            41
        ],
        [
            62,
            40
        ],
        [
            62,
            39
        ],
        [
            62,
            39
        ],
        [
            62,
            37
        ],
        [
            64,
            35
        ],
        [
            65,
            34
        ],
        [
            66,
            31
        ],
        [
            66,
            30
        ],
        [
            66,
            29
        ],
        [
            67,
            28
        ],
        [
            68,
            27
        ],
        [
            69,
            26
        ],
        [
            70,
            24
        ],
        [
            70,
            23
        ],
        [
            71,
            22
        ],
        [
            71,
            21
        ],
        [
            72,
            20
        ],
        [
            72,
            19
        ],
        [
            73,
            19
        ],
        [
            73,
            19
        ],
        [
            74,
            18
        ],
        [
            75,
            16
        ],
        [
            75,
            15
        ],
        [
            76,
            15
        ],
        [
            77,
            13
        ],
        [
            78,
            13
        ],
        [
            78,
            13
        ],
        [
            78,
            12
        ],
        [
            79,
            12
        ],
        [
            80,
            11
        ],
        [
            82,
            11
        ],
        [
            82,
            11
        ],
        [
            82,
            10
        ],
        [
            83,
            10
        ],
        [
            84,
            9
        ],
        [
            85,
            9
        ],
        [
            86,
            9
        ],
        [
            86,
            8
        ],
        [
            87,
            7
        ],
        [
            88,
            7
        ],
        [
            88,
            7
        ],
        [
            89,
            7
        ],
        [
            90,
            6
        ],
        [
            90,
            6
        ],
        [
            91,
            6
        ],
        [
            92,
            6
        ],
        [
            93,
            6
        ],
        [
            94,
            6
        ],
        [
            94,
            6
        ],
        [
            95,
            6
        ],
        [
            96,
            6
        ],
        [
            97,
            6
        ],
        [
            98,
            6
        ],
        [
            99,
            6
        ],
        [
            100,
            6
        ],
        [
            101,
            6
        ],
        [
            102,
            6
        ],
        [
            102,
            6
        ],
        [
            103,
            6
        ],
        [
            104,
            6
        ],
        [
            105,
            6
        ],
        [
            106,
            6
        ],
        [
            106,
            6
        ],
        [
            108,
            6
        ],
        [
            109,
            6
        ],
        [
            110,
            6
        ],
        [
            111,
            6
        ],
        [
            112,
            6
        ],
        [
            113,
            6
        ],
        [
            114,
            6
        ],
        [
            115,
            6
        ],
        [
            115,
            7
        ],
        [
            116,
            7
        ],
        [
            117,
            7
        ],
        [
            118,
            7
        ],
        [
            118,
            7
        ],
        [
            119,
            7
        ],
        [
            119,
            8
        ],
        [
            120,
            8
        ],
        [
            121,
            9
        ],
        [
            122,
            9
        ],
        [
            122,
            9
        ],
        [
            123,
            9
        ],
        [
            123,
            10
