{
    "image": "assets/letters\\x\\x_2.jpg",
    "letter": "x",
    "entry_point": [
        14,
        166
    ],
    "exit_point": [
        214,
        473
    ],
    "entry_angle": 53.13010235415598,
    "exit_angle": 68.19859051364818,
    "average_width": 34.92829513549805,
    "brush_size": 35,
    "flow_points": [
        [
            14,
            166
        ],
        [
            13,
            167
        ],
        [
            14,
            168
        ],
        [
            15,
            169
        ],
        [
            15,
            169
        ],
        [
            17,
            170
        ],
        [
            19,
            171
        ],
        [
            22,
            174
        ],
        [
            23,
            177
        ],
        [
            26,
            180
        ],
        [
            27,
            181
        ],
        [
            28,
            182
        ],
        [
            28,
            183
        ],
        [
            29,
            183
        ],
        [
            29,
            184
        ],
        [
            30,
            185
        ],
        [
            31,
            186
        ],
        [
            31,
            187
        ],
        [
            33,
            189
        ],
        [
            33,
            190
        ],
        [
            35,
            191
        ],
        [
            35,
            193
        ],
        [
            37,
            195
        ],
        [
            38,
            197
        ],
        [
            40,
            200
        ],
        [
            42,
            203
        ],
        [
            43,
            206
        ],
        [
            45,
            206
        ],
        [
            46,
            208
        ],
        [
            47,
            208
        ],
        [
            47,
            209
        ],
        [
            48,
            211
        ],
        [
            50,
            212
        ],
        [
            50,
            213
        ],
        [
            52,
            215
        ],
        [
            54,
            219
        ],
        [
            56,
            221
        ],
        [
            56,
            222
        ],
        [
            58,
            225
        ],
        [
            58,
            227
        ],
        [
            60,
            231
        ],
        [
            61,
            234
        ],
        [
            62,
            236
        ],
        [
            63,
            237
        ],
        [
            63,
            237
        ],
        [
            63,
            238
        ],
        [
            64,
            239
        ],
        [
            64,
            239
        ],
        [
            64,
            241
        ],
        [
            64,
            243
        ],
        [
            65,
            244
        ],
        [
            66,
            244
        ],
        [
            66,
            245
        ],
        [
            66,
            246
        ],
        [
            67,
            247
        ],
        [
            67,
            247
        ],
        [
            68,
            249
        ],
        [
            70,
            252
        ],
        [
            71,
            253
        ],
        [
            72,
            256
        ],
        [
            73,
            260
        ],
        [
            75,
            263
        ],
        [
            78,
            267
        ],
        [
            80,
            270
        ],
        [
            83,
            272
        ],
        [
            86,
            277
        ],
        [
            88,
            279
        ],
        [
            90,
            282
        ],
        [
            92,
            283
        ],
        [
            93,
            286
        ],
        [
            95,
            288
        ],
        [
            97,
            290
        ],
        [
            97,
            291
        ],
        [
            98,
            293
        ],
        [
            99,
            294
        ],
        [
            102,
            297
        ],
        [
            104,
            301
        ],
        [
            107,
            305
        ],
        [
            110,
            309
        ],
        [
            113,
            312
        ],
        [
            115,
            314
        ],
        [
            118,
            318
        ],
        [
            121,
            322
        ],
        [
            123,
            326
        ],
        [
            127,
            329
        ],
        [
            128,
            332
        ],
        [
            131,
            335
        ],
        [
            133,
            337
        ],
        [
            135,
            340
        ],
        [
            140,
            344
        ],
        [
            143,
            347
        ],
        [
            144,
            350
        ],
        [
            146,
            352
        ],
        [
            147,
            353
        ],
        [
            148,
            354
        ],
        [
            150,
            356
        ],
        [
            151,
            358
        ],
        [
            153,
            358
        ],
        [
            156,
            362
        ],
        [
            161,
            373
        ],
        [
            163,
            376
        ],
        [
            165,
            378
        ],
        [
            169,
            383
        ],
        [
            172,
            388
        ],
        [
            174,
            397
        ],
        [
            175,
            399
        ],
        [
            176,
            402
        ],
        [
            178,
            406
        ],
        [
            180,
            410
        ],
        [
            180,
            412
        ],
        [
            182,
            415
        ],
        [
            184,
            419
        ],
        [
            185,
            420
        ],
        [
            186,
            423
        ],
        [
            187,
            425
        ],
        [
            188,
            426
        ],
        [
            188,
            429
        ],
        [
            191,
            432
        ],
        [
            191,
            434
        ],
        [
            194,
            441
        ],
        [
            196,
            444
        ],
        [
            199,
            449
        ],
        [
            199,
            449
        ],
        [
            200,
            451
        ],
        [
            201,
            456
        ],
        [
            203,
            460
        ],
        [
            204,
            460
        ],
        [
            206,
            461
        ],
        [
            206,
            461
        ],
        [
            206,
            462
        ],
        [
            207,
            463
        ],
        [
            209,
            463
        ],
        [
            209,
            464
        ],
        [
            212,
            468
        ],
        [
            212,
            468
        ],
        [
            214,
            471
        ],
        [
            214,
            471
        ],
        [
            214,
            472
        ],
        [
            214,
            473
        ],
        [
            214,
            473
        ]
    ],