{
    "image": "assets/letters\\i\\i_1.jpg",
    "letter": "i",
    "entry_point": [
        137,
        446
    ],
    "exit_point": [
        144,
        444
    ],
    "entry_angle": -83.6598082540901,
    "exit_angle": 66.80140948635182,
    "average_width": 21.880718231201172,
    "brush_size": 20,
    "flow_points": [
        [
            137,
            446
        ],
        [
            138,
            445
        ],
        [
            138,
            443
        ],
        [
            138,
            441
        ],
        [
            138,
            439
        ],
        [
            138,
            437
        ],
        [
            138,
            435
        ],
        [
            138,
            434
        ],
        [
            138,
            432
        ],
        [
            138,
            431
        ],
        [
            138,
            430
        ],
        [
            138,
            428
        ],
        [
            138,
            426
        ],
        [
            138,
            423
        ],
        [
            139,
            421
        ],
        [
            139,
            419
        ],
        [
            139,
            417
        ],
        [
            139,
            417
        ],
        [
            139,
            416
        ],
        [
            139,
            415
        ],
        [
            139,
            414
        ],
        [
            139,
            413
        ],
        [
            139,
            411
        ],
        [
            139,
            408
        ],
        [
            139,
            406
        ],
        [
            139,
            404
        ],
        [
            139,
            402
        ],
        [
            139,
            402
        ],
        [
            139,
            401
        ],
        [
            139,
            400
        ],
        [
            139,
            398
        ],
        [
            139,
            396
        ],
        [
            139,
            392
        ],
        [
            139,
            390
        ],
        [
            139,
            386
        ],
        [
            138,
            384
        ],
        [
            138,
            381
        ],
        [
            137,
            378
        ],
        [
            137,
            373
        ],
        [
            136,
            367
        ],
        [
            136,
            364
        ],
        [
            136,
            360
        ],
        [
            136,
            355
        ],
        [
            135,
            351
        ],
        [
            135,
            349
        ],
        [
            135,
            347
        ],
        [
            135,
            344
        ],
        [
            135,
            342
        ],
        [
            135,
            338
        ],
        [
            134,
            336
        ],
        [
            134,
            332
        ],
        [
            134,
            328
        ],
        [
            134,
            326
        ],
        [
            134,
            324
        ],
        [
            134,
            319
        ],
        [
            134,
            315
        ],
        [
            134,
            311
        ],
        [
            134,
            307
        ],
        [
            134,
            301
        ],
        [
            134,
            300
        ],
        [
            137,
            293
        ],
        [
            137,
            289
        ],
        [
            137,
            286
        ],
        [
            137,
            284
        ],
        [
            137,
            283
        ],
        [
            137,
            281
        ],
        [
            137,
            280
        ],
        [
            137,
            279
        ],
        [
            137,
            277
        ],
        [
            137,
            275
        ],
        [
            137,
            272
        ],
        [
            137,
            267
        ],
        [
            138,
            264
        ],
        [
            138,
            263
        ],
        [
            138,
            261
        ],
        [
            141,
            257
        ],
        [
            141,
            256
        ],
        [
            141,
            254
        ],
        [
            141,
            253
        ],
        [
            142,
            250
        ],
        [
            143,
            250
        ],
        [
            143,
            252
        ],
        [
            143,
            257
        ],
        [
            143,
            260
        ],
        [
            143,
            264
        ],
        [
            143,
            266
        ],
        [
            143,
            267
        ],
        [
            143,
            268
        ],
        [
            143,
            272
        ],
        [
            143,
            273
        ],
        [
            143,
            274
        ],
        [
            143,
            275
        ],
        [
            143,
            276
        ],
        [
            143,
            277
        ],
        [
            143,
            279
        ],
        [
            143,
            283
        ],
        [
            143,
            285
        ],
        [
            143,
            289
        ],
        [
            143,
            291
        ],
        [
            142,
            295
        ],
        [
            142,
            297
        ],
        [
            142,
            300
        ],
        [
            140,
            303
        ],
        [
            140,
            307
        ],
        [
            140,
            309
        ],
        [
            138,
            314
        ],
        [
            137,
            318
        ],
        [
            136,
            322
        ],
        [
            135,
            326
        ],
        [
            135,
            327
        ],
        [
            134,
            329
        ],
        [
            134,
            330
        ],
        [
            133,
            332
        ],
        [
            133,
            334
        ],
        [
            132,
            338
        ],
        [
            132,
            341
        ],
        [
            132,
            344
        ],
        [
            131,
            347
        ],
        [
            131,
            348
        ],
        [
            129,
            350
        ],
        [
            129,
            350
        ],
        [
            129,
            351
        ],
        [
            129,
            354
        ],
        [
            129,
            357
        ],
        [
            129,
            362
        ],
        [
            129,
            369
        ],
        [
            129,
            376
        ],
        [
            130,
            379
        ],
        [
            130,
            381
        ],
        [
            130,
            384
        ],
        [
            130,
            385
        ],
        [
            130,
            385
        ],
        [
            131,
            387
        ],
        [
            131,
            390
        ],
        [
            132,
            392
        ],
        [
            132,
            394
        ],
        [
            132,
            397
        ],
        [
            132,
            400
        ],
        [
            134,
            404
        ],
        [
            134,
            406
        ],
        [
            134,
            409
        ],
        [
            134,
            410
        ],
