{
    "image": "assets/letters\\f\\f_1.jpg",
    "letter": "f",
    "entry_point": [
        247,
        274
    ],
    "exit_point": [
        94,
        518
    ],
    "entry_angle": 180.0,
    "exit_angle": 0.0,
    "average_width": 28.785449981689453,
    "letter_width": 29.42656707763672,
    "brush_size": 29,
    "letter_points": [
        [
            208,
            260
        ],
        [
            208,
            260
        ],
        [
            204,
            260
        ],
        [
            198,
            260
        ],
        [
            191,
            260
        ],
        [
            185,
            260
        ],
        [
            178,
            260
        ],
        [
            176,
            260
        ],
        [
            174,
            260
        ],
        [
            174,
            260
        ],
        [
            168,
            260
        ],
        [
            155,
            260
        ],
        [
            143,
            263
        ],
        [
            137,
            263
        ],
        [
            134,
            263
        ],
        [
            132,
            265
        ],
        [
            127,
            267
        ],
        [
            121,
            269
        ],
        [
            119,
            269
        ],
        [
            116,
            273
        ],
        [
            115,
            274
        ],
        [
            113,
            277
        ],
        [
            112,
            279
        ],
        [
            111,
            280
        ],
        [
            110,
            281
        ],
        [
            109,
            285
        ],
        [
            108,
            285
        ],
        [
            107,
            286
        ],
        [
            107,
            287
        ],
        [
            106,
            289
        ],
        [
            106,
            293
        ],
        [
            106,
            294
        ],
        [
            105,
            296
        ],
        [
            105,
            298
        ],
        [
            104,
            302
        ],
        [
            104,
            307
        ],
        [
            103,
            310
        ],
        [
            103,
            314
        ],
        [
            103,
            316
        ],
        [
            103,
            321
        ],
        [
            103,
            322
        ],
        [
            103,
            325
        ],
        [
            103,
            326
        ],
        [
            103,
            328
        ],
        [
            103,
            331
        ],
        [
            103,
            332
        ],
        [
            103,
            335
        ],
        [
            103,
            337
        ],
        [
            103,
            339
        ],
        [
            103,
            341
        ],
        [
            103,
            344
        ],
        [
            103,
            347
        ],
        [
            103,
            352
        ],
        [
            103,
            354
        ],
        [
            103,
            358
        ],
        [
            103,
            361
        ],
        [
            103,
            362
        ],
        [
            103,
            365
        ],
        [
            103,
            367
        ],
        [
            103,
            372
        ],
        [
            103,
            376
        ],
        [
            103,
            380
        ],
        [
            103,
            382
        ],
        [
            103,
            385
        ],
        [
            103,
            387
        ],
        [
            103,
            389
        ],
        [
            103,
            392
        ],
        [
            103,
            393
        ],
        [
            103,
            394
        ],
        [
            103,
            396
        ],
        [
            103,
            397
        ],
        [
            103,
            400
        ],
        [
            103,
            403
        ],
        [
            104,
            405
        ],
        [
            104,
            411
        ],
        [
            104,
            416
        ],
        [
            104,
            419
        ],
        [
            104,
            422
        ],
        [
            104,
            424
        ],
        [
            104,
            429
        ],
        [
            104,
            433
        ],
        [
            104,
            436
        ],
        [
            104,
            443
        ],
        [
            104,
            445
        ],
        [
            104,
            452
        ],
        [
            104,
            454
        ],
        [
            104,
            456
        ],
        [
            104,
            457
        ],
        [
            104,
            458
        ],
        [
            104,
            459
        ],
        [
            104,
            460
        ],
        [
            104,
            461
        ],
        [
            104,
            462
        ],
        [
            104,
            463
        ],
        [
            104,
            464
        ],
        [
            104,
            466
        ],
        [
            104,
            467
        ],
        [
            104,
            468
        ],
        [
            104,
            469
        ],
        [
            104,
            471
        ],
        [
            104,
            472
        ],
        [
            104,
            474
        ],
        [
            104,
            476
        ],
        [
            104,
            479
        ],
        [
            104,
            483
        ],
        [
            104,
            485
        ],
        [
            104,
            485
        ],
        [
            104,
            486
        ],
        [
            103,
            488
        ],
        [
            102,
            490
        ],
        [
            102,
            492
        ],
        [
            101,
            493
        ],
        [
            100,
            494
        ],
        [
            100,
            496
        ],
        [
            99,
            498
        ],
        [
            98,
            499
        ],
        [
            98,
            501
        ],
        [
            98,
            502
        ],
        [
            98,
            502
        ],
        [
            97,
            503
        ],
        [
            97,
            503
        ],
        [
            95,
            502
        ],
        [
            95,
            491
        ],
        [
            93,
            484
        ],
        [
            93,
            481
        ],
        [
            93,
            481
        ],
        [
            116,
            334
        ],
        [
            117,
            333
        ],
        [
            118,
            333
        ],
        [
            119,
            333
        ],
        [
            119,
            333
        ],
        [
            120,
            333
        ],
        [
            121,
            334
        ],
        [
            122,
            334
        ],
        [
            123,
            334
        ],
        [
            123,
            336
        ],
        [
            124,
            336
        ],
        [
            125,
            336
        ],
        [
            125,
            336
        ],
        [
            126,
            337
        ],
        [
            126,
            337
        ],
        [
            128,
            337
        ],
