{
    "image": "assets/letters\\t\\Screenshot 2026-05-16 224304.png",
    "letter": "t",
    "entry_point": [
        9,
        122
    ],
    "exit_point": [
        290,
        39
    ],
    "entry_angle": -32.005383208083494,
    "exit_angle": -60.25511870305778,
    "average_width": 21.641952514648438,
    "brush_size": 21,
    "flow_points": [
        [
            9,
            122
        ],
        [
            10,
            121
        ],
        [
            12,
            120
        ],
        [
            13,
            119
        ],
        [
            15,
            117
        ],
        [
            17,
            117
        ],
        [
            19,
            117
        ],
        [
            22,
            115
        ],
        [
            24,
            114
        ],
        [
            26,
            114
        ],
        [
            28,
            113
        ],
        [
            31,
            111
        ],
        [
            32,
            110
        ],
        [
            33,
            109
        ],
        [
            35,
            109
        ],
        [
            38,
            108
        ],
        [
            42,
            106
        ],
        [
            44,
            105
        ],
        [
            45,
            104
        ],
        [
            50,
            104
        ],
        [
            54,
            102
        ],
        [
            58,
            102
        ],
        [
            66,
            102
        ],
        [
            73,
            102
        ],
        [
            79,
            102
        ],
        [
            85,
            102
        ],
        [
            94,
            103
        ],
        [
            98,
            104
        ],
        [
            102,
            104
        ],
        [
            104,
            105
        ],
        [
            108,
            105
        ],
        [
            109,
            106
        ],
        [
            111,
            106
        ],
        [
            113,
            107
        ],
        [
            114,
            108
        ],
        [
            118,
            110
        ],
        [
            122,
            110
        ],
        [
            129,
            113
        ],
        [
            136,
            113
        ],
        [
            142,
            115
        ],
        [
            146,
            115
        ],
        [
            152,
            115
        ],
        [
            158,
            115
        ],
        [
            164,
            115
        ],
        [
            166,
            115
        ],
        [
            169,
            115
        ],
        [
            170,
            115
        ],
        [
            175,
            115
        ],
        [
            181,
            115
        ],
        [
            184,
            113
        ],
        [
            185,
            113
        ],
        [
            188,
            113
        ],
        [
            190,
            113
        ],
        [
            192,
            113
        ],
        [
            195,
            112
        ],
        [
            197,
            111
        ],
        [
            199,
            111
        ],
        [
            201,
            110
        ],
        [
            203,
            110
        ],
        [
            206,
            109
        ],
        [
            211,
            107
        ],
        [
            213,
            106
        ],
        [
            215,
            104
        ],
        [
            222,
            99
        ],
        [
            226,
            96
        ],
        [
            233,
            91
        ],
        [
            239,
            88
        ],
        [
            244,
            86
        ],
        [
            251,
            84
        ],
        [
            252,
            82
        ],
        [
            255,
            82
        ],
        [
            256,
            81
        ],
        [
            257,
            79
        ],
        [
            261,
            76
        ],
        [
            263,
            74
        ],
        [
            264,
            73
        ],
        [
            266,
            72
        ],
        [
            267,
            70
        ],
        [
            268,
            69
        ],
        [
            270,
            67
        ],
        [
            274,
            64
        ],
        [
            276,
            62
        ],
        [
            278,
            57
        ],
        [
            280,
            54
        ],
        [
            281,
            51
        ],
        [
            283,
            50
        ],
        [
            284,
            48
        ],
        [
            286,
            46
        ],
        [
            288,
            43
        ],
        [
            289,
            40
        ],
        [
            290,
            39
        ],
        [
            291,
            38
        ],
        [
            290,
            39
        ]
    ],