{
    "image": "assets/letters\\l\\Screenshot 2026-05-02 104548.png",
    "letter": "l",
    "entry_point": [
        2,
        339
    ],
    "exit_point": [
        328,
        287
    ],
    "entry_angle": -40.60129464500447,
    "exit_angle": -21.80140948635181,
    "average_width": 52.011688232421875,
    "letter_width": 52.370750427246094,
    "brush_size": 51,
    "letter_points": [
        [
            321,
            62
        ],
        [
            318,
            62
        ],
        [
            315,
            63
        ],
        [
            312,
            63
        ],
        [
            311,
            63
        ],
        [
            310,
            63
        ],
        [
            310,
            64
        ],
        [
            305,
            63
        ],
        [
            302,
            63
        ],
        [
            300,
            63
        ],
        [
            298,
            63
        ],
        [
            298,
            63
        ],
        [
            294,
            64
        ],
        [
            285,
            64
        ],
        [
            278,
            64
        ],
        [
            275,
            64
        ],
        [
            274,
            64
        ],
        [
            274,
            65
        ],
        [
            272,
            65
        ],
        [
            269,
            65
        ],
        [
            267,
            65
        ],
        [
            257,
            66
        ],
        [
            251,
            68
        ],
        [
            247,
            70
        ],
        [
            246,
            70
        ],
        [
            244,
            70
        ],
        [
            237,
            76
        ],
        [
            225,
            80
        ],
        [
            217,
            83
        ],
        [
            215,
            83
        ],
        [
            213,
            84
        ],
        [
            211,
            85
        ],
        [
            208,
            86
        ],
        [
            200,
            90
        ],
        [
            191,
            95
        ],
        [
            187,
            97
        ],
        [
            184,
            99
        ],
        [
            184,
            100
        ],
        [
            180,
            103
        ],
        [
            175,
            106
        ],
        [
            172,
            109
        ],
        [
            168,
            110
        ],
        [
            167,
            112
        ],
        [
            165,
            113
        ],
        [
            164,
            114
        ],
        [
            163,
            114
        ],
        [
            162,
            116
        ],
        [
            161,
            117
        ],
        [
            160,
            118
        ],
        [
            159,
            119
        ],
        [
            157,
            121
        ],
        [
            155,
            123
        ],
        [
            153,
            127
        ],
        [
            150,
            130
        ],
        [
            148,
            132
        ],
        [
            145,
            134
        ],
        [
            144,
            136
        ],
        [
            141,
            138
        ],
        [
            139,
            140
        ],
        [
            137,
            142
        ],
        [
            136,
            144
        ],
        [
            135,
            145
        ],
        [
            135,
            147
        ],
        [
            134,
            149
        ],
        [
            132,
            152
        ],
        [
            132,
            154
        ],
        [
            131,
            155
        ],
        [
            131,
            157
        ],
        [
            130,
            158
        ],
        [
            127,
            160
        ],
        [
            127,
            161
        ],
        [
            127,
            163
        ],
        [
            126,
            164
        ],
        [
            125,
            164
        ],
        [
            123,
            166
        ],
        [
            123,
            167
        ],
        [
            123,
            168
        ],
        [
            121,
            170
        ],
        [
            119,
            174
        ],
        [
            118,
            175
        ],
        [
            117,
            178
        ],
        [
            117,
            179
        ],
        [
            116,
            183
        ],
        [
            114,
            187
        ],
        [
            114,
            191
        ],
        [
            111,
            195
        ],
        [
            107,
            203
        ],
        [
            99,
            212
        ],
        [
            97,
            218
        ],
        [
            96,
            219
        ],
        [
            96,
            219
        ],
        [
            95,
            221
        ],
        [
            95,
            222
        ],
        [
            95,
            224
        ],
        [
            94,
            224
        ],
        [
            93,
            227
        ],
        [
            93,
            228
        ],
        [
            92,
            228
        ],
        [
            92,
            230
        ],
        [
            91,
            232
        ],
        [
            90,
            233
        ],
        [
            88,
            236
        ],
        [
            88,
            238
        ],
        [
            87,
            242
        ],
        [
            87,
            242
        ],
        [
            87,
            244
        ],
        [
            86,
            247
        ],
        [
            84,
            252
        ],
        [
            84,
            254
        ],
        [
            84,
            257
        ],
        [
            84,
            260
        ],
        [
            82,
            264
        ],
        [
            82,
            267
        ],
        [
            81,
            271
        ],
        [
            80,
            272
        ],
        [
            80,
            274
        ],
        [
            79,
            277
        ],
        [
            79,
            278
        ],
        [
            78,
            279
        ],
        [
            78,
            284
        ],
        [
            77,
            286
        ],
        [
            77,
            290
        ],
        [
            77,
            291
        ],
        [
            77,
            295
        ],
        [
            77,
            299
        ],
        [
            77,
            302
        ],
        [
            76,
            303
        ],
        [
            76,
            304
        ],
        [
            76,
            305
        ],
        [
            76,
            306
        ],
        [
            76,
            307
        ],
        [
            76,
            309
        ],
        [
            76,
            310
        ],
        [
            76,
            312
        ],
        [
            85,
            316
        ],
        [
            93,
            315
        ],
        [
            100,
            315
        ],
        [
            106,
            315
        ],
        [
            108,
            315
        ],
        [
            108,
            316
        ],
        [
            109,
            317
        ],
        [
            110,
            317
        ],
        [
