{
    "image": "assets/letters\\l\\Screenshot 2026-05-21 210908.png",
    "letter": "l",
    "entry_point": [
        4,
        80
    ],
    "exit_point": [
        397,
        169
    ],
    "entry_angle": 0.0,
    "exit_angle": -33.690067525979785,
    "average_width": 9.61924934387207,
    "letter_width": 9.513154983520508,
    "brush_size": 9,
    "letter_points": [
        [
            204,
            77
        ],
        [
            204,
            79
        ],
        [
            204,
            81
        ],
        [
            204,
            82
        ],
        [
            204,
            85
        ],
        [
            204,
            87
        ],
        [
            204,
            88
        ],
        [
            204,
            89
        ],
        [
            203,
            92
        ],
        [
            203,
            93
        ],
        [
            203,
            94
        ],
        [
            202,
            98
        ],
        [
            202,
            98
        ],
        [
            201,
            99
        ],
        [
            201,
            99
        ],
        [
            201,
            101
        ],
        [
            200,
            103
        ],
        [
            200,
            104
        ],
        [
            199,
            105
        ],
        [
            199,
            106
        ],
        [
            198,
            107
        ],
        [
            197,
            109
        ],
        [
            197,
            110
        ],
        [
            197,
            111
        ],
        [
            197,
            112
        ],
        [
            196,
            114
        ],
        [
            195,
            114
        ],
        [
            195,
            115
        ],
        [
            194,
            116
        ],
        [
            193,
            117
        ],
        [
            192,
            119
        ],
        [
            192,
            120
        ],
        [
            190,
            122
        ],
        [
            190,
            123
        ],
        [
            188,
            125
        ],
        [
            188,
            125
        ],
        [
            188,
            126
        ],
        [
            188,
            127
        ],
        [
            187,
            130
        ],
        [
            186,
            131
        ],
        [
            186,
            132
        ],
        [
            186,
            133
        ],
        [
            186,
            135
        ],
        [
            185,
            137
        ],
        [
            184,
            138
        ],
        [
            184,
            140
        ],
        [
            184,
            140
        ],
        [
            184,
            141
        ],
        [
            183,
            143
        ],
        [
            183,
            145
        ],
        [
            183,
            147
        ],
        [
            183,
            147
        ],
        [
            183,
            149
        ],
        [
            183,
            150
        ],
        [
            183,
            151
        ],
        [
            183,
            153
        ],
        [
            183,
            155
        ],
        [
            183,
            156
        ],
        [
            183,
            157
        ],
        [
            183,
            158
        ],
        [
            183,
            159
        ],
        [
            183,
            160
        ],
        [
            183,
            161
        ],
        [
            183,
            163
        ],
        [
            183,
            165
        ],
        [
            183,
            167
        ],
        [
            183,
            168
        ],
        [
            183,
            169
        ],
        [
            184,
            170
        ],
        [
            184,
            171
        ],
        [
            185,
            173
        ],
        [
            186,
            175
        ],
        [
            187,
            177
        ],
        [
            188,
            177
        ],
        [
            188,
            180
        ],
        [
            189,
            181
        ],
        [
            190,
            181
        ],
        [
            194,
            181
        ],
        [
            198,
            181
        ],
        [
            202,
            181
        ],
        [
            204,
            181
        ],
        [
            207,
            180
        ],
        [
            212,
            179
        ],
        [
            213,
            178
        ],
        [
            213,
            178
        ],
        [
            214,
            178
        ],
        [
            215,
            178
        ],
        [
            216,
            178
        ],
        [
            218,
            178
        ],
        [
            220,
            175
        ],
        [
            222,
            174
        ],
        [
            225,
            173
        ],
        [
            226,
            172
        ],
        [
            226,
            172
        ],
        [
            227,
            172
        ],
        [
            228,
            170
        ],
        [
            229,
            168
        ],
        [
            230,
            168
        ],
        [
            231,
            168
        ],
        [
            232,
            168
        ],
        [
            233,
            168
        ],
        [
            233,
            168
        ],
        [
            234,
            167
        ],
        [
            235,
            167
        ],
        [
            235,
            167
        ],
        [
            236,
            167
        ],
        [
            237,
            167
        ],
        [
            237,
            168
        ],
        [
            237,
            168
        ]
    ],