{
    "image": "assets/letters\\c\\c_2.jpg",
    "letter": "c",
    "entry_point": [
        212,
        240
    ],
    "exit_point": [
        190,
        441
    ],
    "entry_angle": 180.0,
    "exit_angle": -18.43494882292201,
    "average_width": 20.177310943603516,
    "brush_size": 20,
    "flow_points": [
        [
            212,
            240
        ],
        [
            211,
            240
        ],
        [
            210,
            240
        ],
        [
            208,
            240
        ],
        [
            205,
            240
        ],
        [
            203,
            240
        ],
        [
            200,
            240
        ],
        [
            197,
            240
        ],
        [
            196,
            240
        ],
        [
            194,
            240
        ],
        [
            192,
            240
        ],
        [
            190,
            240
        ],
        [
            188,
            240
        ],
        [
            184,
            240
        ],
        [
            179,
            240
        ],
        [
            174,
            240
        ],
        [
            171,
            240
        ],
        [
            169,
            240
        ],
        [
            168,
            240
        ],
        [
            165,
            240
        ],
        [
            157,
            242
        ],
        [
            149,
            243
        ],
        [
            143,
            244
        ],
        [
            140,
            245
        ],
        [
            140,
            245
        ],
        [
            139,
            247
        ],
        [
            138,
            247
        ],
        [
            135,
            249
        ],
        [
            134,
            251
        ],
        [
            132,
            251
        ],
        [
            128,
            252
        ],
        [
            126,
            254
        ],
        [
            124,
            255
        ],
        [
            123,
            255
        ],
        [
            123,
            255
        ],
        [
            123,
            258
        ],
        [
            120,
            262
        ],
        [
            115,
            266
        ],
        [
            112,
            267
        ],
        [
            108,
            270
        ],
        [
            106,
            271
        ],
        [
            106,
            272
        ],
        [
            105,
            272
        ],
        [
            103,
            273
        ],
        [
            103,
            273
        ],
        [
            101,
            275
        ],
        [
            100,
            276
        ],
        [
            100,
            276
        ],
        [
            98,
            276
        ],
        [
            97,
            277
        ],
        [
            96,
            278
        ],
        [
            93,
            279
        ],
        [
            90,
            283
        ],
        [
            87,
            285
        ],
        [
            85,
            289
        ],
        [
            83,
            291
        ],
        [
            82,
            292
        ],
        [
            81,
            293
        ],
        [
            81,
            295
        ],
        [
            79,
            296
        ],
        [
            79,
            297
        ],
        [
            77,
            299
        ],
        [
            76,
            299
        ],
        [
            75,
            301
        ],
        [
            74,
            302
        ],
        [
            73,
            303
        ],
        [
            73,
            304
        ],
        [
            73,
            305
        ],
        [
            71,
            306
        ],
        [
            71,
            308
        ],
        [
            69,
            311
        ],
        [
            68,
            316
        ],
        [
            67,
            318
        ],
        [
            67,
            320
        ],
        [
            65,
            323
        ],
        [
            62,
            326
        ],
        [
            62,
            328
        ],
        [
            61,
            331
        ],
        [
            61,
            332
        ],
        [
            61,
            334
        ],
        [
            60,
            335
        ],
        [
            60,
            336
        ],
        [
            60,
            337
        ],
        [
            60,
            339
        ],
        [
            60,
            340
        ],
        [
            60,
            341
        ],
        [
            60,
            343
        ],
        [
            60,
            345
        ],
        [
            60,
            349
        ],
        [
            60,
            352
        ],
        [
            60,
            354
        ],
        [
            60,
            356
        ],
        [
            60,
            359
        ],
        [
            60,
            360
        ],
        [
            60,
            363
        ],
        [
            60,
            366
        ],
        [
            60,
            368
        ],
        [
            60,
            369
        ],
        [
            60,
            370
        ],
        [
            61,
            372
        ],
        [
            62,
            374
        ],
        [
            62,
            375
        ],
        [
            62,
            377
        ],
        [
            62,
            378
        ],
        [
            63,
            379
        ],
        [
            64,
            379
        ],
        [
            64,
            380
        ],
        [
            65,
            380
        ],
        [
            66,
            381
        ],
        [
            67,
            382
        ],
        [
            68,
            384
        ],
        [
            69,
            386
        ],
        [
            72,
            389
        ],
        [
            73,
            392
        ],
        [
            73,
            395
        ],
        [
            75,
            398
        ],
        [
            76,
            399
        ],
        [
            76,
            400
        ],
        [
            78,
            402
        ],
        [
            80,
            403
        ],
        [
            84,
            406
        ],
        [
            87,
            409
        ],
        [
            91,
            411
        ],
        [
            93,
            412
        ],
        [
            94,
            412
        ],
        [
            96,
            413
        ],
        [
            96,
            413
        ],
        [
            98,
            414
        ],
        [
            98,
            415
        ],
        [
            99,
            415
        ],
        [
            99,
            415
        ],
        [
            100,
            415
        ],
        [
            102,
            417
        ],
        [
            103,
            417
        ],
        [
            105,
            418
        ],
        [
            105,
            418
        ],
        [
            107,
            419
        ],
        [
            111,
            420
        ],
        [
            112,
            420
        ],
        [
            114,
            420
        ],
        [
            115,
            421
        ],
        [
            116,
            422
        ],
        [
            118,
            422
        ],
        [
            120,
            422
