{
    "image": "assets/letters\\R\\r_2.jpg",
    "letter": "R",
    "entry_point": [
        6,
        224
    ],
    "exit_point": [
        279,
        485
    ],
    "entry_angle": 1.6365770416167182,
    "exit_angle": 18.43494882292201,
    "average_width": 54.589786529541016,
    "brush_size": 53,
    "flow_points": [
        [
            6,
            224
        ],
        [
            9,
            225
        ],
        [
            14,
            225
        ],
        [
            25,
            225
        ],
        [
            33,
            225
        ],
        [
            41,
            225
        ],
        [
            45,
            225
        ],
        [
            46,
            225
        ],
        [
            48,
            225
        ],
        [
            49,
            225
        ],
        [
            54,
            228
        ],
        [
            56,
            232
        ],
        [
            56,
            236
        ],
        [
            57,
            237
        ],
        [
            57,
            238
        ],
        [
            57,
            239
        ],
        [
            59,
            243
        ],
        [
            60,
            245
        ],
        [
            60,
            247
        ],
        [
            61,
            250
        ],
        [
            62,
            254
        ],
        [
            64,
            258
        ],
        [
            66,
            263
        ],
        [
            67,
            266
        ],
        [
            69,
            271
        ],
        [
            75,
            277
        ],
        [
            75,
            279
        ],
        [
            77,
            285
        ],
        [
            79,
            288
        ],
        [
            81,
            293
        ],
        [
            85,
            297
        ],
        [
            88,
            302
        ],
        [
            93,
            306
        ],
        [
            97,
            311
        ],
        [
            103,
            317
        ],
        [
            108,
            321
        ],
        [
            112,
            325
        ],
        [
            117,
            329
        ],
        [
            118,
            329
        ],
        [
            122,
            332
        ],
        [
            127,
            334
        ],
        [
            129,
            335
        ],
        [
            130,
            336
        ],
        [
            132,
            337
        ],
        [
            132,
            338
        ],
        [
            135,
            342
        ],
        [
            141,
            347
        ],
        [
            145,
            347
        ],
        [
            151,
            351
        ],
        [
            155,
            354
        ],
        [
            158,
            358
        ],
        [
            161,
            361
        ],
        [
            166,
            364
        ],
        [
            170,
            367
        ],
        [
            173,
            370
        ],
        [
            178,
            376
        ],
        [
            185,
            381
        ],
        [
            189,
            386
        ],
        [
            192,
            388
        ],
        [
            196,
            394
        ],
        [
            198,
            395
        ],
        [
            200,
            398
        ],
        [
            202,
            399
        ],
        [
            204,
            400
        ],
        [
            208,
            403
        ],
        [
            210,
            405
        ],
        [
            212,
            408
        ],
        [
            215,
            412
        ],
        [
            217,
            416
        ],
        [
            220,
            419
        ],
        [
            223,
            423
        ],
        [
            225,
            425
        ],
        [
            226,
            425
        ],
        [
            230,
            429
        ],
        [
            230,
            430
        ],
        [
            233,
            433
        ],
        [
            235,
            437
        ],
        [
            237,
            440
        ],
        [
            238,
            441
        ],
        [
            242,
            445
        ],
        [
            243,
            447
        ],
        [
            244,
            450
        ],
        [
            245,
            451
        ],
        [
            246,
            452
        ],
        [
            248,
            454
        ],
        [
            249,
            456
        ],
        [
            250,
            457
        ],
        [
            252,
            462
        ],
        [
            253,
            463
        ],
        [
            254,
            466
        ],
        [
            256,
            468
        ],
        [
            257,
            470
        ],
        [
            259,
            473
        ],
        [
            261,
            474
        ],
        [
            262,
            476
        ],
        [
            265,
            479
        ],
        [
            266,
            479
        ],
        [
            267,
            480
        ],
        [
            269,
            482
        ],
        [
            270,
            482
        ],
        [
            271,
            483
        ],
        [
            272,
            484
        ],
        [
            277,
            485
        ],
        [
            279,
            485
        ],
        [
            279,
            485
        ]
    ],