{
    "image": "assets/letters\\i\\i_1.jpg",
    "letter": "i",
    "entry_point": [
        145,
        250
    ],
    "exit_point": [
        140,
        441
    ],
    "entry_angle": 84.8055710922652,
    "exit_angle": 68.19859051364818,
    "average_width": 13.121841430664062,
    "letter_width": 13.20312213897705,
    "brush_size": 13,
    "letter_points": [
        [
            139,
            248
        ],
        [
            139,
            248
        ],
        [
            140,
            248
        ],
        [
            142,
            248
        ],
        [
            145,
            248
        ],
        [
            145,
            250
        ],
        [
            145,
            254
        ],
        [
            145,
            254
        ],
        [
            145,
            256
        ],
        [
            145,
            256
        ],
        [
            146,
            257
        ],
        [
            146,
            258
        ],
        [
            147,
            259
        ],
        [
            147,
            261
        ],
        [
            148,
            263
        ],
        [
            149,
            264
        ],
        [
            149,
            265
        ],
        [
            150,
            267
        ],
        [
            151,
            270
        ],
        [
            152,
            275
        ],
        [
            152,
            278
        ],
        [
            153,
            280
        ],
        [
            153,
            283
        ],
        [
            153,
            285
        ],
        [
            154,
            288
        ],
        [
            154,
            291
        ],
        [
            154,
            293
        ],
        [
            155,
            295
        ],
        [
            155,
            297
        ],
        [
            155,
            299
        ],
        [
            155,
            300
        ],
        [
            155,
            301
        ],
        [
            155,
            303
        ],
        [
            155,
            306
        ],
        [
            155,
            308
        ],
        [
            155,
            311
        ],
        [
            155,
            313
        ],
        [
            155,
            315
        ],
        [
            155,
            316
        ],
        [
            155,
            318
        ],
        [
            155,
            322
        ],
        [
            155,
            326
        ],
        [
            155,
            328
        ],
        [
            155,
            331
        ],
        [
            155,
            335
        ],
        [
            154,
            337
        ],
        [
            154,
            339
        ],
        [
            154,
            340
        ],
        [
            154,
            342
        ],
        [
            154,
            343
        ],
        [
            153,
            344
        ],
        [
            153,
            344
        ],
        [
            152,
            345
        ],
        [
            151,
            348
        ],
        [
            150,
            349
        ],
        [
            150,
            350
        ],
        [
            150,
            351
        ],
        [
            150,
            352
        ],
        [
            150,
            353
        ],
        [
            149,
            355
        ],
        [
            149,
            357
        ],
        [
            148,
            360
        ],
        [
            147,
            362
        ],
        [
            146,
            365
        ],
        [
            145,
            367
        ],
        [
            144,
            371
        ],
        [
            144,
            373
        ],
        [
            142,
            376
        ],
        [
            142,
            379
        ],
        [
            141,
            381
        ],
        [
            140,
            384
        ],
        [
            140,
            385
        ],
        [
            140,
            388
        ],
        [
            140,
            389
        ],
        [
            140,
            390
        ],
        [
            138,
            392
        ],
        [
            138,
            394
        ],
        [
            138,
            394
        ],
        [
            138,
            396
        ],
        [
            138,
            396
        ],
        [
            138,
            397
        ],
        [
            138,
            400
        ],
        [
            138,
            401
        ],
        [
            138,
            403
        ],
        [
            138,
            404
        ],
        [
            138,
            405
        ],
        [
            138,
            407
        ],
        [
            138,
            408
        ],
        [
            138,
            412
        ],
        [
            138,
            415
        ],
        [
            138,
            416
        ],
        [
            138,
            417
        ],
        [
            138,
            418
        ],
        [
            138,
            419
        ],
        [
            138,
            420
        ],
        [
            138,
            421
        ],
        [
            138,
            424
        ],
        [
            138,
            426
        ],
        [
            138,
            428
        ],
        [
            138,
            430
        ],
        [
            138,
            431
        ],
        [
            138,
            432
        ],
        [
            138,
            434
        ],
        [
            138,
            437
        ],
        [
            138,
            438
        ],
        [
            138,
            438
        ]
    ],