{
    "image": "assets/letters\\t\\Screenshot 2026-05-16 224304.png",
    "letter": "t",
    "entry_point": [
        4,
        121
    ],
    "exit_point": [
        285,
        24
    ],
    "entry_angle": -47.72631099390627,
    "exit_angle": -63.43494882292201,
    "average_width": 24.377906799316406,
    "letter_width": 21.353017807006836,
    "brush_size": 23,
    "letter_points": [
        [
            52,
            99
        ],
        [
            54,
            99
        ],
        [
            56,
            99
        ],
        [
            57,
            99
        ],
        [
            59,
            99
        ],
        [
            61,
            99
        ],
        [
            63,
            99
        ],
        [
            64,
            99
        ],
        [
            67,
            99
        ],
        [
            67,
            99
        ],
        [
            69,
            99
        ],
        [
            71,
            99
        ],
        [
            75,
            99
        ],
        [
            78,
            99
        ],
        [
            86,
            99
        ],
        [
            90,
            98
        ],
        [
            91,
            98
        ],
        [
            92,
            98
        ],
        [
            93,
            98
        ],
        [
            94,
            98
        ],
        [
            95,
            98
        ],
        [
            95,
            98
        ],
        [
            97,
            98
        ],
        [
            99,
            98
        ],
        [
            102,
            98
        ],
        [
            103,
            98
        ],
        [
            105,
            98
        ],
        [
            106,
            98
        ],
        [
            107,
            98
        ],
        [
            109,
            98
        ],
        [
            111,
            98
        ],
        [
            111,
            98
        ],
        [
            112,
            98
        ],
        [
            115,
            98
        ],
        [
            121,
            98
        ],
        [
            125,
            98
        ],
        [
            131,
            98
        ],
        [
            134,
            98
        ],
        [
            136,
            98
        ],
        [
            137,
            99
        ],
        [
            145,
            100
        ],
        [
            154,
            100
        ],
        [
            188,
            100
        ],
        [
            202,
            100
        ],
        [
            209,
            100
        ],
        [
            213,
            98
        ],
        [
            214,
            97
        ],
        [
            215,
            97
        ],
        [
            218,
            97
        ],
        [
            221,
            97
        ],
        [
            225,
            97
        ],
        [
            233,
            97
        ],
        [
            241,
            97
        ],
        [
            244,
            97
        ],
        [
            245,
            97
        ],
        [
            246,
            99
        ],
        [
            239,
            106
        ],
        [
            239,
            107
        ],
        [
            235,
            104
        ],
        [
            233,
            101
        ],
        [
            229,
            101
        ],
        [
            227,
            98
        ],
        [
            225,
            102
        ],
        [
            223,
            101
        ],
        [
            222,
            100
        ],
        [
            222,
            98
        ],
        [
            222,
            98
        ],
        [
            222,
            99
        ],
        [
            221,
            99
        ],
        [
            220,
            97
        ],
        [
            220,
            96
        ],
        [
            222,
            97
        ],
        [
            223,
            97
        ],
        [
            223,
            97
        ],
        [
            149,
            104
        ],
        [
            149,
            104
        ],
        [
            140,
            257
        ],
        [
            140,
            257
        ]
    ],