{
    "image": "assets/letters\\t\\Screenshot 2026-05-21 211012.png",
    "letter": "t",
    "entry_point": [
        1,
        71
    ],
    "exit_point": [
        400,
        55
    ],
    "entry_angle": -14.036243467926479,
    "exit_angle": -38.65980825409009,
    "average_width": 13.761815071105957,
    "letter_width": 9.443334579467773,
    "brush_size": 13,
    "letter_points": [
        [
            160,
            85
        ],
        [
            160,
            85
        ],
        [
            213,
            94
        ],
        [
            213,
            94
        ],
        [
            182,
            96
        ],
        [
            182,
            96
        ],
        [
            179,
            162
        ],
        [
            179,
            162
        ],
        [
            190,
            183
        ],
        [
            190,
            183
        ]
    ],
    "river_points": [
        [
            1,
            71
        ],
        [
            1,
            71
        ],
        [
            3,
            70
        ],
        [
            4,
            70
        ],
        [
            5,
            70
        ],
        [
            5,
            70
        ],
        [
            6,
            70
        ],
        [
            7,
            70
        ],
        [
            8,
            70
        ],
        [
            9,
            70
        ],
        [
            10,
            70
        ],
        [
            12,
            70
        ],
        [
            13,
            69
        ],
        [
            14,
            69
        ],
        [
            15,
            68
        ],
        [
            17,
            68
        ],
        [
            19,
            68
        ],
        [
            20,
            68
        ],
        [
            22,
            68
        ],
        [
            23,
            68
        ],
        [
            24,
            67
        ],
        [
            25,
            67
        ],
        [
            26,
            67
        ],
        [
            27,
            67
        ],
        [
            29,
            67
        ],
        [
            30,
            67
        ],
        [
            32,
            67
        ],
        [
            33,
            67
        ],
        [
            34,
            67
        ],
        [
            35,
            67
        ],
        [
            36,
            67
        ],
        [
            38,
            67
        ],
        [
            38,
            68
        ],
        [
            39,
            68
        ],
        [
            40,
            68
        ],
        [
            40,
            68
        ],
        [
            42,
            68
        ],
        [
            43,
            69
        ],
        [
            43,
            70
        ],
        [
            45,
            71
        ],
        [
            45,
            71
        ],
        [
            47,
            73
        ],
        [
            48,
            73
        ],
        [
            50,
            75
        ],
        [
            51,
            76
        ],
        [
            52,
            77
        ],
        [
            53,
            78
        ],
        [
            53,
            78
        ],
        [
            54,
            79
        ],
        [
            55,
            82
        ],
        [
            58,
            84
        ],
        [
            61,
            86
        ],
        [
            63,
            88
        ],
        [
            63,
            88
        ],
        [
            64,
            90
        ],
        [
            64,
            91
        ],
        [
            66,
            93
        ],
        [
            69,
            96
        ],
        [
            72,
            100
        ],
        [
            75,
            102
        ],
        [
            77,
            104
        ],
        [
            77,
            104
        ],
        [
            78,
            106
        ],
        [
            79,
            106
        ],
        [
            79,
            107
        ],
        [
            81,
            108
        ],
        [
            82,
            108
        ],
        [
            84,
            110
        ],
        [
            87,
            112
        ],
        [
            92,
            114
        ],
        [
            96,
            115
        ],
        [
            97,
            115
        ],
        [
            98,
            115
        ],
        [
            101,
            115
        ],
        [
            104,
            115
        ],
        [
            107,
            115
        ],
        [
            110,
            115
        ],
        [
            112,
            115
        ],
        [
            116,
            115
        ],
        [
            118,
            114
        ],
        [
            119,
            113
        ],
        [
            119,
            112
        ],
        [
            119,
            110
        ],
        [
            120,
            109
        ],
        [
            122,
            107
        ],
        [
            122,
            107
        ],
        [
            124,
            105
        ],
        [
            124,
            103
        ],
        [
            125,
            102
        ],
        [
            127,
            101
        ],
        [
            128,
            100
        ],
        [
            130,
            99
        ],
        [
            131,
            99
        ],
        [
            133,
            97
        ],
        [
            133,
            96
        ],
        [
            134,
            96
        ],
        [
            134,
            95
        ],
        [
            137,
            94
        ],
        [
            138,
            94
        ],
        [
            139,
            93
        ],
        [
            140,
            93
        ],
        [
            142,
            92
        ],
        [
            142,
            91
        ],
        [
            143,
            91
        ],
        [
            144,
            91
        ],
        [
            144,
            91
        ],
        [
            146,
            89
        ],
        [
            147,
            89
        ],
        [
            148,
            88
        ],
        [
            148,
            88
        ],
        [
            149,
            88
        ],
        [
            151,
            86
        ],
        [
            153,
            86
        ],
        [
            157,
            86
        ],
        [
            160,
            86
        ],
        [
            162,
            86
        ],
        [
            163,
            86
        ],
        [
            165,
            86
        ],
        [
            166,
            86
        ],
        [
            167,
            86
        ],
        [
            168,
            86
        ],
        [
            171,
            86
        ],
        [
            174,
            86
        ],
        [
            175,
            86
        ],
        [
            176,
            86
        ],
        [
            178,
            87
        ],
        [
            178,
            87
        ],
        [
            179,
            88
        ],
        [
            181,
            88
        ],
        [
            183,
            88
        ],
        [
            185,
            88
        ],
        [
            188,
            89
        ],
        [
            188,
            90
        ],
        [
            189,
            90
