{
    "image": "assets/letters\\A\\Screenshot 2026-04-30 193138_meander_014.jpg",
    "letter": "A",
    "entry_point": [
        35,
        122
    ],
    "exit_point": [
        133,
        21
    ],
    "entry_angle": -57.9946167919165,
    "exit_angle": 63.43494882292201,
    "average_width": 19.288467407226562,
    "letter_width": 19.25619125366211,
    "brush_size": 16,
    "letter_points": [
        [
            46,
            97
        ],
        [
            29,
            122
        ],
        [
            34,
            120
        ],
        [
            36,
            119
        ],
        [
            40,
            116
        ],
        [
            41,
            115
        ],
        [
            42,
            115
        ],
        [
            42,
            115
        ],
        [
            42,
            114
        ],
        [
            43,
            113
        ],
        [
            44,
            110
        ],
        [
            44,
            109
        ],
        [
            45,
            107
        ],
        [
            45,
            107
        ],
        [
            45,
            105
        ],
        [
            45,
            105
        ],
        [
            46,
            104
        ],
        [
            46,
            104
        ],
        [
            47,
            103
        ],
        [
            47,
            102
        ],
        [
            47,
            101
        ],
        [
            48,
            100
        ],
        [
            48,
            98
        ],
        [
            49,
            97
        ],
        [
            50,
            94
        ],
        [
            51,
            94
        ],
        [
            52,
            92
        ],
        [
            53,
            90
        ],
        [
            53,
            88
        ],
        [
            54,
            88
        ],
        [
            54,
            87
        ],
        [
            54,
            86
        ],
        [
            55,
            85
        ],
        [
            56,
            84
        ],
        [
            56,
            83
        ],
        [
            56,
            82
        ],
        [
            57,
            81
        ],
        [
            57,
            80
        ],
        [
            57,
            79
        ],
        [
            57,
            76
        ],
        [
            57,
            74
        ],
        [
            59,
            73
        ],
        [
            59,
            73
        ],
        [
            59,
            71
        ],
        [
            59,
            70
        ],
        [
            59,
            68
        ],
        [
            59,
            66
        ],
        [
            59,
            65
        ],
        [
            59,
            63
        ],
        [
            59,
            62
        ],
        [
            61,
            60
        ],
        [
            61,
            59
        ],
        [
            61,
            58
        ],
        [
            61,
            56
        ],
        [
            61,
            55
        ],
        [
            61,
            55
        ],
        [
            61,
            52
        ],
        [
            61,
            51
        ],
        [
            61,
            50
        ],
        [
            63,
            48
        ],
        [
            63,
            47
        ],
        [
            63,
            45
        ],
        [
            64,
            44
        ],
        [
            64,
            44
        ],
        [
            64,
            43
        ],
        [
            65,
            41
        ],
        [
            65,
            40
        ],
        [
            65,
            39
        ],
        [
            65,
            38
        ],
        [
            66,
            36
        ],
        [
            67,
            36
        ],
        [
            67,
            34
        ],
        [
            68,
            33
        ],
        [
            68,
            30
        ],
        [
            69,
            30
        ],
        [
            70,
            28
        ],
        [
            70,
            27
        ],
        [
            71,
            26
        ],
        [
            71,
            25
        ],
        [
            71,
            24
        ],
        [
            71,
            24
        ],
        [
            72,
            23
        ],
        [
            72,
            23
        ],
        [
            72,
            22
        ],
        [
            72,
            21
        ],
        [
            72,
            20
        ],
        [
            72,
            19
        ],
        [
            74,
            18
        ],
        [
            74,
            17
        ],
        [
            74,
            16
        ],
        [
            74,
            16
        ],
        [
            76,
            13
        ],
        [
            76,
            13
        ],
        [
            77,
            11
        ],
        [
            78,
            9
        ],
        [
            79,
            8
        ],
        [
            80,
            7
        ],
        [
            81,
            7
        ],
        [
            82,
            7
        ],
        [
            82,
            6
        ],
        [
            82,
            6
        ],
        [
            84,
            4
        ],
        [
            84,
            4
        ],
        [
            85,
            4
        ],
        [
            86,
            4
        ],
        [
            87,
            3
        ],
        [
            89,
            2
        ],
        [
            89,
            2
        ],
        [
            90,
            2
        ],
        [
            92,
            2
        ],
        [
            94,
            2
        ],
        [
            96,
            2
        ],
        [
            96,
            2
        ],
        [
            99,
            5
        ],
        [
            100,
            5
        ],
        [
            101,
            5
        ],
        [
            102,
            5
        ],
        [
            105,
            5
        ],
        [
            106,
            5
        ],
        [
            107,
            5
        ],
        [
            109,
            5
        ],
        [
            114,
            6
        ],
        [
            118,
            9
        ],
        [
            121,
            9
        ],
        [
            126,
            11
        ],
        [
            127,
            12
        ],
        [
            128,
            12
        ],
        [
            128,
            13
        ],
        [
            128,
            15
        ],
        [
            128,
            17
        ],
        [
            128,
            18
        ],
        [
            128,
            18
        ],
        [
            128,
            20
        ],
        [
            128,
            22
        ],
        [
            129,
            22
        ],
        [
            129,
            23
        ],
        [
            129,
            25
        ],
        [
            129,
            26
        ],
        [
            130,
            26
        ],
        [
            130,
            27
        ],
        [
            130,
            29
        ],
        [
            130,
            29
        ],
        [
            130,
            31
        ],
        [
            130,
            32
        ],
        [
            130,
            35
        ],
        [
            130,
