{
    "image": "assets/letters\\A\\Screenshot 2026-05-02 104040_meander_007.jpg",
    "letter": "A",
    "entry_point": [
        6,
        80
    ],
    "exit_point": [
        125,
        66
    ],
    "entry_angle": -111.80140948635182,
    "exit_angle": 51.34019174590991,
    "average_width": 13.046834945678711,
    "letter_width": 12.833264350891113,
    "brush_size": 12,
    "letter_points": [
        [
            4,
            84
        ],
        [
            3,
            83
        ],
        [
            3,
            83
        ],
        [
            3,
            81
        ],
        [
            3,
            80
        ],
        [
            3,
            79
        ],
        [
            3,
            78
        ],
        [
            4,
            76
        ],
        [
            4,
            76
        ],
        [
            5,
            75
        ],
        [
            7,
            73
        ],
        [
            8,
            71
        ],
        [
            10,
            68
        ],
        [
            11,
            66
        ],
        [
            13,
            63
        ],
        [
            14,
            62
        ],
        [
            15,
            60
        ],
        [
            16,
            60
        ],
        [
            17,
            57
        ],
        [
            18,
            56
        ],
        [
            19,
            55
        ],
        [
            20,
            54
        ],
        [
            21,
            52
        ],
        [
            21,
            51
        ],
        [
            22,
            50
        ],
        [
            25,
            50
        ],
        [
            25,
            49
        ],
        [
            25,
            48
        ],
        [
            26,
            48
        ],
        [
            27,
            47
        ],
        [
            29,
            45
        ],
        [
            30,
            44
        ],
        [
            32,
            42
        ],
        [
            33,
            40
        ],
        [
            34,
            40
        ],
        [
            34,
            40
        ],
        [
            36,
            38
        ],
        [
            37,
            37
        ],
        [
            38,
            37
        ],
        [
            39,
            35
        ],
        [
            40,
            35
        ],
        [
            42,
            33
        ],
        [
            42,
            33
        ],
        [
            42,
            32
        ],
        [
            43,
            31
        ],
        [
            44,
            30
        ],
        [
            45,
            28
        ],
        [
            47,
            26
        ],
        [
            49,
            25
        ],
        [
            49,
            24
        ],
        [
            50,
            24
        ],
        [
            53,
            22
        ],
        [
            54,
            20
        ],
        [
            55,
            20
        ],
        [
            57,
            19
        ],
        [
            58,
            19
        ],
        [
            59,
            18
        ],
        [
            60,
            17
        ],
        [
            61,
            17
        ],
        [
            62,
            15
        ],
        [
            64,
            14
        ],
        [
            65,
            14
        ],
        [
            65,
            14
        ],
        [
            67,
            14
        ],
        [
            71,
            14
        ],
        [
            77,
            16
        ],
        [
            81,
            16
        ],
        [
            82,
            18
        ],
        [
            83,
            18
        ],
        [
            84,
            19
        ],
        [
            85,
            20
        ],
        [
            87,
            20
        ],
        [
            88,
            22
        ],
        [
            89,
            23
        ],
        [
            90,
            24
        ],
        [
            91,
            25
        ],
        [
            93,
            25
        ],
        [
            95,
            26
        ],
        [
            97,
            28
        ],
        [
            100,
            30
        ],
        [
            102,
            33
        ],
        [
            104,
            34
        ],
        [
            105,
            36
        ],
        [
            107,
            38
        ],
        [
            108,
            39
        ],
        [
            110,
            41
        ],
        [
            112,
            43
        ],
        [
            113,
            43
        ],
        [
            114,
            43
        ],
        [
            115,
            44
        ],
        [
            116,
            45
        ],
        [
            116,
            45
        ],
        [
            117,
            46
        ],
        [
            118,
            47
        ],
        [
            120,
            49
        ],
        [
            122,
            51
        ],
        [
            124,
            53
        ],
        [
            125,
            54
        ],
        [
            125,
            55
        ],
        [
            125,
            55
        ]
    ],