{
    "image": "assets/letters\\A\\Screenshot 2026-04-30 193138_meander_012.jpg",
    "letter": "A",
    "entry_point": [
        17,
        123
    ],
    "exit_point": [
        124,
        62
    ],
    "entry_angle": -71.56505117707799,
    "exit_angle": 30.96375653207352,
    "average_width": 16.78336524963379,
    "letter_width": 18.48368263244629,
    "brush_size": 16,
    "letter_points": [
        [
            16,
            117
        ],
        [
            16,
            115
        ],
        [
            16,
            113
        ],
        [
            16,
            111
        ],
        [
            16,
            110
        ],
        [
            16,
            108
        ],
        [
            17,
            107
        ],
        [
            18,
            106
        ],
        [
            18,
            105
        ],
        [
            19,
            105
        ],
        [
            20,
            104
        ],
        [
            20,
            102
        ],
        [
            20,
            102
        ],
        [
            20,
            101
        ],
        [
            22,
            100
        ],
        [
            22,
            99
        ],
        [
            23,
            98
        ],
        [
            24,
            97
        ],
        [
            24,
            96
        ],
        [
            25,
            94
        ],
        [
            26,
            93
        ],
        [
            26,
            92
        ],
        [
            26,
            90
        ],
        [
            26,
            89
        ],
        [
            27,
            89
        ],
        [
            28,
            89
        ],
        [
            28,
            87
        ],
        [
            28,
            87
        ],
        [
            29,
            86
        ],
        [
            30,
            85
        ],
        [
            30,
            84
        ],
        [
            30,
            82
        ],
        [
            30,
            82
        ],
        [
            30,
            81
        ],
        [
            30,
            79
        ],
        [
            30,
            77
        ],
        [
            30,
            75
        ],
        [
            30,
            74
        ],
        [
            30,
            73
        ],
        [
            30,
            72
        ],
        [
            29,
            71
        ],
        [
            29,
            70
        ],
        [
            28,
            68
        ],
        [
            28,
            68
        ],
        [
            28,
            67
        ],
        [
            28,
            65
        ],
        [
            28,
            64
        ],
        [
            28,
            63
        ],
        [
            28,
            62
        ],
        [
            28,
            61
        ],
        [
            28,
            59
        ],
        [
            28,
            57
        ],
        [
            28,
            56
        ],
        [
            28,
            55
        ],
        [
            28,
            54
        ],
        [
            28,
            53
        ],
        [
            29,
            53
        ],
        [
            29,
            52
        ],
        [
            30,
            51
        ],
        [
            31,
            50
        ],
        [
            33,
            48
        ],
        [
            33,
            42
        ],
        [
            35,
            41
        ],
        [
            36,
            41
        ],
        [
            37,
            40
        ],
        [
            39,
            37
        ],
        [
            40,
            37
        ],
        [
            41,
            36
        ],
        [
            43,
            34
        ],
        [
            43,
            34
        ],
        [
            45,
            33
        ],
        [
            46,
            32
        ],
        [
            47,
            31
        ],
        [
            48,
            31
        ],
        [
            49,
            31
        ],
        [
            50,
            31
        ],
        [
            50,
            30
        ],
        [
            51,
            30
        ],
        [
            52,
            30
        ],
        [
            52,
            30
        ],
        [
            53,
            30
        ],
        [
            54,
            30
        ],
        [
            55,
            29
        ],
        [
            56,
            28
        ],
        [
            61,
            28
        ],
        [
            67,
            28
        ],
        [
            71,
            29
        ],
        [
            75,
            29
        ],
        [
            77,
            31
        ],
        [
            78,
            31
        ],
        [
            79,
            31
        ],
        [
            80,
            31
        ],
        [
            82,
            31
        ],
        [
            84,
            33
        ],
        [
            85,
            33
        ],
        [
            86,
            33
        ],
        [
            88,
            35
        ],
        [
            89,
            36
        ],
        [
            90,
            36
        ],
        [
            92,
            36
        ],
        [
            92,
            37
        ],
        [
            93,
            37
        ],
        [
            94,
            38
        ],
        [
            96,
            39
        ],
        [
            96,
            40
        ],
        [
            97,
            41
        ],
        [
            99,
            41
        ],
        [
            100,
            42
        ],
        [
            101,
            43
        ],
        [
            103,
            45
        ],
        [
            105,
            46
        ],
        [
            106,
            46
        ],
        [
            107,
            47
        ],
        [
            109,
            49
        ],
        [
            110,
            50
        ],
        [
            110,
            50
        ],
        [
            111,
            51
        ],
        [
            112,
            53
        ],
        [
            113,
            53
        ],
        [
            114,
            54
        ],
        [
            115,
            55
        ],
        [
            117,
            55
        ],
        [
            117,
            55
        ],
        [
            118,
            56
        ],
        [
            118,
            56
        ],
        [
            120,
            58
        ],
        [
            120,
            59
        ],
        [
            121,
            60
        ],
        [
            123,
            61
        ],
        [
            123,
            62
        ],
        [
            123,
            63
        ],
        [
            124,
            64
        ],
        [
            124,
            65
        ],
        [
            125,
            65
        ],
        [
            126,
            66
        ],
        [
            127,
            68
        ],
        [
            125,
            67
        ],
        [
            123,
            66
        ],
        [
            121,
            65
        ],
        [
            120,
            64
        ],
        [
            119,
            64
        ],
        [
            118,
            63
        ],
        [
            117,
            63
        ],
        [
            117,
            62
        ],
        [
            116,
            62
        ],
